{
  "caution": {
    "precision": 0.9406528189910979,
    "recall": 0.9406528189910979,
    "f1-score": 0.9406528189910979,
    "support": 337.0
  },
  "high_risk": {
    "precision": 0.9664570230607966,
    "recall": 0.9644351464435147,
    "f1-score": 0.9654450261780104,
    "support": 478.0
  },
  "safe": {
    "precision": 0.978494623655914,
    "recall": 0.9837837837837838,
    "f1-score": 0.9811320754716981,
    "support": 185.0
  },
  "accuracy": 0.96,
  "macro avg": {
    "precision": 0.9618681552359362,
    "recall": 0.9629572497394655,
    "f1-score": 0.9624099735469356,
    "support": 1000.0
  },
  "weighted avg": {
    "precision": 0.9599879623994049,
    "recall": 0.96,
    "f1-score": 0.9599921564753531,
    "support": 1000.0
  }
}