{
  "best_params": {
    "colsample_bytree": 0.7,
    "learning_rate": 0.15,
    "max_depth": 3,
    "n_estimators": 400,
    "subsample": 1.0
  },
  "best_cv_score": 0.9973447029249058,
  "classification_report": {
    "caution": {
      "precision": 0.9941002949852508,
      "recall": 1.0,
      "f1-score": 0.9970414201183432,
      "support": 337.0
    },
    "high_risk": {
      "precision": 1.0,
      "recall": 1.0,
      "f1-score": 1.0,
      "support": 478.0
    },
    "safe": {
      "precision": 1.0,
      "recall": 0.9891891891891892,
      "f1-score": 0.9945652173913043,
      "support": 185.0
    },
    "accuracy": 0.998,
    "macro avg": {
      "precision": 0.9980334316617503,
      "recall": 0.9963963963963964,
      "f1-score": 0.9972022125032157,
      "support": 1000.0
    },
    "weighted avg": {
      "precision": 0.9980117994100294,
      "recall": 0.998,
      "f1-score": 0.9979975237972728,
      "support": 1000.0
    }
  },
  "confusion_matrix": [
    [
      337,
      0,
      0
    ],
    [
      0,
      478,
      0
    ],
    [
      2,
      0,
      183
    ]
  ],
  "classes": [
    "caution",
    "high_risk",
    "safe"
  ]
}